,Complex,Assembly,Interactors,GO Cellular Component,GO Molecular Function,GO Biological Process,imp,AvgTurnover,SEM,Interactor_ID
102,CPX-1054,heterodimer,P52293,"cellular component, GO:0005829, cytosol; cellular component, GO:0005654, nucleoplasm; cellular component, GO:0042564, NLS-dependent protein nuclear import complex","molecular function, GO:0061608, nuclear import signal receptor activity","biological process, GO:0006606, protein import into nucleus",after,0.2403642436327004,0.21060756662280297,1
103,CPX-1054,heterodimer,P52293,"cellular component, GO:0005829, cytosol; cellular component, GO:0005654, nucleoplasm; cellular component, GO:0042564, NLS-dependent protein nuclear import complex","molecular function, GO:0061608, nuclear import signal receptor activity","biological process, GO:0006606, protein import into nucleus",before,-0.17163200851274213,0.6103620080592091,2
104,CPX-1054,heterodimer,P70168,"cellular component, GO:0005829, cytosol; cellular component, GO:0005654, nucleoplasm; cellular component, GO:0042564, NLS-dependent protein nuclear import complex","molecular function, GO:0061608, nuclear import signal receptor activity","biological process, GO:0006606, protein import into nucleus",after,-2.7398620432042784,0.08490472887762864,3
105,CPX-1054,heterodimer,P70168,"cellular component, GO:0005829, cytosol; cellular component, GO:0005654, nucleoplasm; cellular component, GO:0042564, NLS-dependent protein nuclear import complex","molecular function, GO:0061608, nuclear import signal receptor activity","biological process, GO:0006606, protein import into nucleus",before,-2.734631566351443,0.07863951872232121,4
86,CPX-127,heterotrimer,O70548,"cellular component, GO:1990733, Titin-Telethonin complex","molecular function, GO:0051373, FATZ binding; molecular function, GO:0044325, ion channel binding; molecular function, GO:0042805, actinin binding; molecular function, GO:0008307, structural constituent of muscle","biological process, GO:0003009, skeletal muscle contraction; biological process, GO:0030049, muscle filament sliding; biological process, GO:0060048, cardiac muscle contraction; biological process, GO:0045214, sarcomere organization; biological process, GO:0055003, cardiac myofibril assembly",after,-0.8189028550980023,0.32608969303954694,1
87,CPX-127,heterotrimer,O70548,"cellular component, GO:1990733, Titin-Telethonin complex","molecular function, GO:0051373, FATZ binding; molecular function, GO:0044325, ion channel binding; molecular function, GO:0042805, actinin binding; molecular function, GO:0008307, structural constituent of muscle","biological process, GO:0003009, skeletal muscle contraction; biological process, GO:0030049, muscle filament sliding; biological process, GO:0060048, cardiac muscle contraction; biological process, GO:0045214, sarcomere organization; biological process, GO:0055003, cardiac myofibril assembly",before,1.8888751023117158,1.4678024822471272,2
88,CPX-127,heterotrimer,A2ASS6,"cellular component, GO:1990733, Titin-Telethonin complex","molecular function, GO:0051373, FATZ binding; molecular function, GO:0044325, ion channel binding; molecular function, GO:0042805, actinin binding; molecular function, GO:0008307, structural constituent of muscle","biological process, GO:0003009, skeletal muscle contraction; biological process, GO:0030049, muscle filament sliding; biological process, GO:0060048, cardiac muscle contraction; biological process, GO:0045214, sarcomere organization; biological process, GO:0055003, cardiac myofibril assembly",after,-3.9876076667495055,0.035161769345967694,3
89,CPX-127,heterotrimer,A2ASS6,"cellular component, GO:1990733, Titin-Telethonin complex","molecular function, GO:0051373, FATZ binding; molecular function, GO:0044325, ion channel binding; molecular function, GO:0042805, actinin binding; molecular function, GO:0008307, structural constituent of muscle","biological process, GO:0003009, skeletal muscle contraction; biological process, GO:0030049, muscle filament sliding; biological process, GO:0060048, cardiac muscle contraction; biological process, GO:0045214, sarcomere organization; biological process, GO:0055003, cardiac myofibril assembly",before,-4.042443640132066,0.022230842643290415,4
90,CPX-133,heterotrimer,Q9D1H7,"cellular component, GO:0005829, cytosol; cellular component, GO:0071818, BAT3 complex","molecular function, GO:0043022, ribosome binding; molecular function, GO:0140597, protein carrier activity","biological process, GO:0006620, posttranslational protein targeting to endoplasmic reticulum membrane; biological process, GO:0031647, regulation of protein stability; biological process, GO:0006511, ubiquitin-dependent protein catabolic process",after,-2.5262893511103552,0.1632403168894641,1
91,CPX-133,heterotrimer,Q9D1H7,"cellular component, GO:0005829, cytosol; cellular component, GO:0071818, BAT3 complex","molecular function, GO:0043022, ribosome binding; molecular function, GO:0140597, protein carrier activity","biological process, GO:0006620, posttranslational protein targeting to endoplasmic reticulum membrane; biological process, GO:0031647, regulation of protein stability; biological process, GO:0006511, ubiquitin-dependent protein catabolic process",before,-2.286100111024053,0.0,2
92,CPX-133,heterotrimer,P21126,"cellular component, GO:0005829, cytosol; cellular component, GO:0071818, BAT3 complex","molecular function, GO:0043022, ribosome binding; molecular function, GO:0140597, protein carrier activity","biological process, GO:0006620, posttranslational protein targeting to endoplasmic reticulum membrane; biological process, GO:0031647, regulation of protein stability; biological process, GO:0006511, ubiquitin-dependent protein catabolic process",after,-0.9526895933874114,0.2172046490318599,3
93,CPX-133,heterotrimer,P21126,"cellular component, GO:0005829, cytosol; cellular component, GO:0071818, BAT3 complex","molecular function, GO:0043022, ribosome binding; molecular function, GO:0140597, protein carrier activity","biological process, GO:0006620, posttranslational protein targeting to endoplasmic reticulum membrane; biological process, GO:0031647, regulation of protein stability; biological process, GO:0006511, ubiquitin-dependent protein catabolic process",before,-0.6206315244859208,0.2876989736397511,4
94,CPX-133,heterotrimer,Q9Z1R2,"cellular component, GO:0005829, cytosol; cellular component, GO:0071818, BAT3 complex","molecular function, GO:0043022, ribosome binding; molecular function, GO:0140597, protein carrier activity","biological process, GO:0006620, posttranslational protein targeting to endoplasmic reticulum membrane; biological process, GO:0031647, regulation of protein stability; biological process, GO:0006511, ubiquitin-dependent protein catabolic process",after,-1.573681070660334,0.12091511173183328,5
95,CPX-133,heterotrimer,Q9Z1R2,"cellular component, GO:0005829, cytosol; cellular component, GO:0071818, BAT3 complex","molecular function, GO:0043022, ribosome binding; molecular function, GO:0140597, protein carrier activity","biological process, GO:0006620, posttranslational protein targeting to endoplasmic reticulum membrane; biological process, GO:0031647, regulation of protein stability; biological process, GO:0006511, ubiquitin-dependent protein catabolic process",before,-1.4307070305001652,0.11036173655314342,6
96,CPX-136,heterooctomer,P60670,"cellular component, GO:0034098, VCP-NPL4-UFD1 AAA ATPase complex","molecular function, GO:0032553, ribonucleotide binding; molecular function, GO:0031593, polyubiquitin binding","biological process, GO:0030970, retrograde protein transport, ER to cytosol; biological process, GO:0036503, ERAD pathway",after,-2.5597487071812135,0.18178782882498595,1
97,CPX-136,heterooctomer,P60670,"cellular component, GO:0034098, VCP-NPL4-UFD1 AAA ATPase complex","molecular function, GO:0032553, ribonucleotide binding; molecular function, GO:0031593, polyubiquitin binding","biological process, GO:0030970, retrograde protein transport, ER to cytosol; biological process, GO:0036503, ERAD pathway",before,-2.6531062830296124,0.1959931274952332,2
98,CPX-136,heterooctomer,P70362,"cellular component, GO:0034098, VCP-NPL4-UFD1 AAA ATPase complex","molecular function, GO:0032553, ribonucleotide binding; molecular function, GO:0031593, polyubiquitin binding","biological process, GO:0030970, retrograde protein transport, ER to cytosol; biological process, GO:0036503, ERAD pathway",after,-2.003514335140598,0.40920245367052915,3
99,CPX-136,heterooctomer,P70362,"cellular component, GO:0034098, VCP-NPL4-UFD1 AAA ATPase complex","molecular function, GO:0032553, ribonucleotide binding; molecular function, GO:0031593, polyubiquitin binding","biological process, GO:0030970, retrograde protein transport, ER to cytosol; biological process, GO:0036503, ERAD pathway",before,-2.198244403391109,0.5774780160668415,4
100,CPX-136,heterooctomer,Q01853,"cellular component, GO:0034098, VCP-NPL4-UFD1 AAA ATPase complex","molecular function, GO:0032553, ribonucleotide binding; molecular function, GO:0031593, polyubiquitin binding","biological process, GO:0030970, retrograde protein transport, ER to cytosol; biological process, GO:0036503, ERAD pathway",after,-2.228601514397184,0.09166712758903177,5
101,CPX-136,heterooctomer,Q01853,"cellular component, GO:0034098, VCP-NPL4-UFD1 AAA ATPase complex","molecular function, GO:0032553, ribonucleotide binding; molecular function, GO:0031593, polyubiquitin binding","biological process, GO:0030970, retrograde protein transport, ER to cytosol; biological process, GO:0036503, ERAD pathway",before,-2.176423414077005,0.06463638852191984,6
7,CPX-16,heterotrimer,P19123,"cellular component, GO:0030017, sarcomere","molecular function, GO:0005509, calcium ion binding; molecular function, GO:0005523, tropomyosin binding","biological process, GO:0060048, cardiac muscle contraction; biological process, GO:0032780, negative regulation of ATPase activity; biological process, GO:0030049, muscle filament sliding",after,-3.3094139732140477,0.10352983007383056,1
8,CPX-16,heterotrimer,P19123,"cellular component, GO:0030017, sarcomere","molecular function, GO:0005509, calcium ion binding; molecular function, GO:0005523, tropomyosin binding","biological process, GO:0060048, cardiac muscle contraction; biological process, GO:0032780, negative regulation of ATPase activity; biological process, GO:0030049, muscle filament sliding",before,-3.336800543386158,0.10904430859316847,2
9,CPX-16,heterotrimer,P48787,"cellular component, GO:0030017, sarcomere","molecular function, GO:0005509, calcium ion binding; molecular function, GO:0005523, tropomyosin binding","biological process, GO:0060048, cardiac muscle contraction; biological process, GO:0032780, negative regulation of ATPase activity; biological process, GO:0030049, muscle filament sliding",after,-2.903272844240679,0.08678744063773436,3
10,CPX-16,heterotrimer,P48787,"cellular component, GO:0030017, sarcomere","molecular function, GO:0005509, calcium ion binding; molecular function, GO:0005523, tropomyosin binding","biological process, GO:0060048, cardiac muscle contraction; biological process, GO:0032780, negative regulation of ATPase activity; biological process, GO:0030049, muscle filament sliding",before,-2.8830945541880832,0.10516998545160458,4
11,CPX-16,heterotrimer,P50752,"cellular component, GO:0030017, sarcomere","molecular function, GO:0005509, calcium ion binding; molecular function, GO:0005523, tropomyosin binding","biological process, GO:0060048, cardiac muscle contraction; biological process, GO:0032780, negative regulation of ATPase activity; biological process, GO:0030049, muscle filament sliding",after,-2.9064208156615963,0.09121467826404332,5
12,CPX-16,heterotrimer,P50752,"cellular component, GO:0030017, sarcomere","molecular function, GO:0005509, calcium ion binding; molecular function, GO:0005523, tropomyosin binding","biological process, GO:0060048, cardiac muscle contraction; biological process, GO:0032780, negative regulation of ATPase activity; biological process, GO:0030049, muscle filament sliding",before,-2.904437117723406,0.10254292190065209,6
59,CPX-2055,heterotetramer,P12382,"cellular component, GO:0005945, 6-phosphofructokinase complex","molecular function, GO:0003872, 6-phosphofructokinase activity","biological process, GO:0006096, glycolysis",after,-2.5996160741430483,0.07554381301668661,1
60,CPX-2055,heterotetramer,P12382,"cellular component, GO:0005945, 6-phosphofructokinase complex","molecular function, GO:0003872, 6-phosphofructokinase activity","biological process, GO:0006096, glycolysis",before,-2.548148641417741,0.09138910318517082,2
61,CPX-2055,heterotetramer,P47857,"cellular component, GO:0005945, 6-phosphofructokinase complex","molecular function, GO:0003872, 6-phosphofructokinase activity","biological process, GO:0006096, glycolysis",after,-2.674049100297145,0.09050538318401603,3
62,CPX-2055,heterotetramer,P47857,"cellular component, GO:0005945, 6-phosphofructokinase complex","molecular function, GO:0003872, 6-phosphofructokinase activity","biological process, GO:0006096, glycolysis",before,-2.6616371623589066,0.07888040169072554,4
55,CPX-2185,heterodimer,Q61239,"cellular component, GO:0005965, protein farnesyltransferase complex","molecular function, GO:0004660, protein farnesyltransferase activity","biological process, GO:0018343, protein farnesylation",after,-2.283696822544807,0.2412252038834757,1
56,CPX-2185,heterodimer,Q61239,"cellular component, GO:0005965, protein farnesyltransferase complex","molecular function, GO:0004660, protein farnesyltransferase activity","biological process, GO:0018343, protein farnesylation",before,-2.3395015965606882,0.0863405986520625,2
57,CPX-2185,heterodimer,Q8K2I1,"cellular component, GO:0005965, protein farnesyltransferase complex","molecular function, GO:0004660, protein farnesyltransferase activity","biological process, GO:0018343, protein farnesylation",after,-2.924700994286107,0.14602608996775107,3
58,CPX-2185,heterodimer,Q8K2I1,"cellular component, GO:0005965, protein farnesyltransferase complex","molecular function, GO:0004660, protein farnesyltransferase activity","biological process, GO:0018343, protein farnesylation",before,-2.7359632851338844,0.16390408144998767,4
51,CPX-2920,heterodimer,Q9JHK4,"cellular component, GO:0005968, Rab-protein geranylgeranyltransferase complex","molecular function, GO:0008270, zinc ion binding; molecular function, GO:0004663, Rab geranylgeranyltransferase activity",,after,-2.884613053098573,0.12032026950018707,1
52,CPX-2920,heterodimer,Q9JHK4,"cellular component, GO:0005968, Rab-protein geranylgeranyltransferase complex","molecular function, GO:0008270, zinc ion binding; molecular function, GO:0004663, Rab geranylgeranyltransferase activity",,before,-2.9896547650119056,0.08830182116846952,2
53,CPX-2920,heterodimer,P53612,"cellular component, GO:0005968, Rab-protein geranylgeranyltransferase complex","molecular function, GO:0008270, zinc ion binding; molecular function, GO:0004663, Rab geranylgeranyltransferase activity",,after,-2.4704126286645507,0.11586012470555071,3
54,CPX-2920,heterodimer,P53612,"cellular component, GO:0005968, Rab-protein geranylgeranyltransferase complex","molecular function, GO:0008270, zinc ion binding; molecular function, GO:0004663, Rab geranylgeranyltransferase activity",,before,-2.6102724287372947,0.08365024969005237,4
110,CPX-2922,heterotetramer,P01942,"cellular component, GO:0005833, hemoglobin complex","molecular function, GO:0019825, oxygen binding; molecular function, GO:0070026, nitric oxide binding; molecular function, GO:1902670, carbon dioxide binding; molecular function, GO:0005344, oxygen carrier activity","biological process, GO:0030185, nitric oxide transport; biological process, GO:0015671, oxygen transport; biological process, GO:0015670, carbon dioxide transport",after,-5.179085705721103,0.1623101231211206,1
111,CPX-2922,heterotetramer,P01942,"cellular component, GO:0005833, hemoglobin complex","molecular function, GO:0019825, oxygen binding; molecular function, GO:0070026, nitric oxide binding; molecular function, GO:1902670, carbon dioxide binding; molecular function, GO:0005344, oxygen carrier activity","biological process, GO:0030185, nitric oxide transport; biological process, GO:0015671, oxygen transport; biological process, GO:0015670, carbon dioxide transport",before,-5.280408961097931,0.14040291723373088,2
112,CPX-2922,heterotetramer,P02088,"cellular component, GO:0005833, hemoglobin complex","molecular function, GO:0019825, oxygen binding; molecular function, GO:0070026, nitric oxide binding; molecular function, GO:1902670, carbon dioxide binding; molecular function, GO:0005344, oxygen carrier activity","biological process, GO:0030185, nitric oxide transport; biological process, GO:0015671, oxygen transport; biological process, GO:0015670, carbon dioxide transport",after,-5.517448971978962,0.1805496288327709,3
113,CPX-2922,heterotetramer,P02088,"cellular component, GO:0005833, hemoglobin complex","molecular function, GO:0019825, oxygen binding; molecular function, GO:0070026, nitric oxide binding; molecular function, GO:1902670, carbon dioxide binding; molecular function, GO:0005344, oxygen carrier activity","biological process, GO:0030185, nitric oxide transport; biological process, GO:0015671, oxygen transport; biological process, GO:0015670, carbon dioxide transport",before,-5.423582262916622,0.1319225218431342,4
70,CPX-2956,heterotrimer,P11087,"cellular component, GO:0005584, collagen type I trimer","molecular function, GO:0005201, extracellular matrix structural constituent","biological process, GO:0030199, collagen fibril organization",after,-4.640991867902227,0.6886542788877081,1
71,CPX-2956,heterotrimer,P11087,"cellular component, GO:0005584, collagen type I trimer","molecular function, GO:0005201, extracellular matrix structural constituent","biological process, GO:0030199, collagen fibril organization",before,-5.531792464335472,0.935230354654763,2
72,CPX-2956,heterotrimer,Q01149,"cellular component, GO:0005584, collagen type I trimer","molecular function, GO:0005201, extracellular matrix structural constituent","biological process, GO:0030199, collagen fibril organization",after,-5.643856189774724,0.0,3
73,CPX-2956,heterotrimer,Q01149,"cellular component, GO:0005584, collagen type I trimer","molecular function, GO:0005201, extracellular matrix structural constituent","biological process, GO:0030199, collagen fibril organization",before,-5.632789988368519,0.0,4
106,CPX-2959,heterotrimer,P02463,"cellular component, GO:0005587, collagen type IV trimer","molecular function, GO:0005201, extracellular matrix structural constituent","biological process, GO:0030199, collagen fibril organization",after,-3.7526319363547684,0.7229948107554353,1
107,CPX-2959,heterotrimer,P02463,"cellular component, GO:0005587, collagen type IV trimer","molecular function, GO:0005201, extracellular matrix structural constituent","biological process, GO:0030199, collagen fibril organization",before,-4.596286350188797,0.36149518039062123,2
108,CPX-2959,heterotrimer,P08122,"cellular component, GO:0005587, collagen type IV trimer","molecular function, GO:0005201, extracellular matrix structural constituent","biological process, GO:0030199, collagen fibril organization",after,-3.232307823192746,0.7487965189908042,3
109,CPX-2959,heterotrimer,P08122,"cellular component, GO:0005587, collagen type IV trimer","molecular function, GO:0005201, extracellular matrix structural constituent","biological process, GO:0030199, collagen fibril organization",before,-4.934628068213469,0.21887870634300424,4
159,CPX-3009,heterotrimer,P02469,"cellular component, GO:0005607, laminin-2 complex","molecular function, GO:0005201, extracellular matrix structural constituent","biological process, GO:0030334, regulation of cell migration; biological process, GO:0045995, regulation of embryonic development; biological process, GO:0030155, regulation of cell adhesion",after,-4.187485934264473,0.2045575630593825,1
160,CPX-3009,heterotrimer,P02469,"cellular component, GO:0005607, laminin-2 complex","molecular function, GO:0005201, extracellular matrix structural constituent","biological process, GO:0030334, regulation of cell migration; biological process, GO:0045995, regulation of embryonic development; biological process, GO:0030155, regulation of cell adhesion",before,-4.474130925351736,0.15786902711098166,2
161,CPX-3009,heterotrimer,P02468,"cellular component, GO:0005607, laminin-2 complex","molecular function, GO:0005201, extracellular matrix structural constituent","biological process, GO:0030334, regulation of cell migration; biological process, GO:0045995, regulation of embryonic development; biological process, GO:0030155, regulation of cell adhesion",after,-4.477728877663631,0.19331980938986423,3
162,CPX-3009,heterotrimer,P02468,"cellular component, GO:0005607, laminin-2 complex","molecular function, GO:0005201, extracellular matrix structural constituent","biological process, GO:0030334, regulation of cell migration; biological process, GO:0045995, regulation of embryonic development; biological process, GO:0030155, regulation of cell adhesion",before,-4.62872261659085,0.1363435910298276,4
163,CPX-3009,heterotrimer,Q60675,"cellular component, GO:0005607, laminin-2 complex","molecular function, GO:0005201, extracellular matrix structural constituent","biological process, GO:0030334, regulation of cell migration; biological process, GO:0045995, regulation of embryonic development; biological process, GO:0030155, regulation of cell adhesion",after,-4.967811904791261,0.18326843374690854,5
164,CPX-3009,heterotrimer,Q60675,"cellular component, GO:0005607, laminin-2 complex","molecular function, GO:0005201, extracellular matrix structural constituent","biological process, GO:0030334, regulation of cell migration; biological process, GO:0045995, regulation of embryonic development; biological process, GO:0030155, regulation of cell adhesion",before,-5.2021977534191945,0.1586548385144097,6
63,CPX-3027,heterodimer,P09055,"cellular component, GO:0034674, alpha5-beta1 integrin complex","molecular function, GO:0004888, transmembrane signaling receptor activity","biological process, GO:0007229, integrin-mediated signaling pathway; biological process, GO:0007160, cell-matrix adhesion; biological process, GO:0035313, wound healing, spreading of epidermal cells",after,-2.4823128112121817,0.11900677197454626,1
64,CPX-3027,heterodimer,P09055,"cellular component, GO:0034674, alpha5-beta1 integrin complex","molecular function, GO:0004888, transmembrane signaling receptor activity","biological process, GO:0007229, integrin-mediated signaling pathway; biological process, GO:0007160, cell-matrix adhesion; biological process, GO:0035313, wound healing, spreading of epidermal cells",before,-2.534281073007801,0.1318494735374502,2
65,CPX-3027,heterodimer,P11688,"cellular component, GO:0034674, alpha5-beta1 integrin complex","molecular function, GO:0004888, transmembrane signaling receptor activity","biological process, GO:0007229, integrin-mediated signaling pathway; biological process, GO:0007160, cell-matrix adhesion; biological process, GO:0035313, wound healing, spreading of epidermal cells",after,-3.083141235300246,0.0,3
66,CPX-3027,heterodimer,P11688,"cellular component, GO:0034674, alpha5-beta1 integrin complex","molecular function, GO:0004888, transmembrane signaling receptor activity","biological process, GO:0007229, integrin-mediated signaling pathway; biological process, GO:0007160, cell-matrix adhesion; biological process, GO:0035313, wound healing, spreading of epidermal cells",before,-4.844685972575105,0.0,4
67,CPX-3035,heterodimer,O54890,"cellular component, GO:0034683, alphav-beta3 integrin complex","molecular function, GO:0004888, transmembrane signaling receptor activity","biological process, GO:0007229, integrin-mediated signaling pathway; biological process, GO:0007160, cell-matrix adhesion; biological process, GO:0035313, wound healing, spreading of epidermal cells",after,-0.8594326624210167,1.3968611143615879,1
68,CPX-3035,heterodimer,O54890,"cellular component, GO:0034683, alphav-beta3 integrin complex","molecular function, GO:0004888, transmembrane signaling receptor activity","biological process, GO:0007229, integrin-mediated signaling pathway; biological process, GO:0007160, cell-matrix adhesion; biological process, GO:0035313, wound healing, spreading of epidermal cells",before,-2.689846045597655,0.0,2
69,CPX-3035,heterodimer,P43406,"cellular component, GO:0034683, alphav-beta3 integrin complex","molecular function, GO:0004888, transmembrane signaling receptor activity","biological process, GO:0007229, integrin-mediated signaling pathway; biological process, GO:0007160, cell-matrix adhesion; biological process, GO:0035313, wound healing, spreading of epidermal cells",after,-1.9620321479273495,0.0,3
114,CPX-3041,heterodimer,Q9R1T2,"cellular component, GO:0031510, SUMO activating enzyme complex","molecular function, GO:0005524, ATP binding; molecular function, GO:0019948, SUMO activating enzyme activity; molecular function, GO:0032183, SUMO binding",,after,-2.0232765957466876,0.24742067272142718,1
115,CPX-3041,heterodimer,Q9R1T2,"cellular component, GO:0031510, SUMO activating enzyme complex","molecular function, GO:0005524, ATP binding; molecular function, GO:0019948, SUMO activating enzyme activity; molecular function, GO:0032183, SUMO binding",,before,-2.766924475757233,0.2563687622122847,2
116,CPX-3041,heterodimer,Q9Z1F9,"cellular component, GO:0031510, SUMO activating enzyme complex","molecular function, GO:0005524, ATP binding; molecular function, GO:0019948, SUMO activating enzyme activity; molecular function, GO:0032183, SUMO binding",,after,-1.9645141435686373,0.11562526343372659,3
117,CPX-3041,heterodimer,Q9Z1F9,"cellular component, GO:0031510, SUMO activating enzyme complex","molecular function, GO:0005524, ATP binding; molecular function, GO:0019948, SUMO activating enzyme activity; molecular function, GO:0032183, SUMO binding",,before,-1.8586395836250067,0.12106780473751544,4
3,CPX-3287,heterotetramer,Q61081,"cellular component, GO:1990565, HSP90-CDC37 chaperone complex","molecular function, GO:0019887, protein kinase regulator activity","biological process, GO:0032435, negative regulation of proteasomal ubiquitin-dependent protein catabolic process; biological process, GO:0045859, regulation of protein kinase activity; biological process, GO:0022417, protein maturation by protein folding",after,-1.4130292851145663,0.31661570682184315,1
4,CPX-3287,heterotetramer,Q61081,"cellular component, GO:1990565, HSP90-CDC37 chaperone complex","molecular function, GO:0019887, protein kinase regulator activity","biological process, GO:0032435, negative regulation of proteasomal ubiquitin-dependent protein catabolic process; biological process, GO:0045859, regulation of protein kinase activity; biological process, GO:0022417, protein maturation by protein folding",before,-0.4771725167110503,1.0961640339234004,2
5,CPX-3287,heterotetramer,P11499,"cellular component, GO:1990565, HSP90-CDC37 chaperone complex","molecular function, GO:0019887, protein kinase regulator activity","biological process, GO:0032435, negative regulation of proteasomal ubiquitin-dependent protein catabolic process; biological process, GO:0045859, regulation of protein kinase activity; biological process, GO:0022417, protein maturation by protein folding",after,-2.4559203083511236,0.05690061678468687,3
6,CPX-3287,heterotetramer,P11499,"cellular component, GO:1990565, HSP90-CDC37 chaperone complex","molecular function, GO:0019887, protein kinase regulator activity","biological process, GO:0032435, negative regulation of proteasomal ubiquitin-dependent protein catabolic process; biological process, GO:0045859, regulation of protein kinase activity; biological process, GO:0022417, protein maturation by protein folding",before,-2.4368459111074454,0.05716955642806356,4
74,CPX-377,heterotetramer,P35486,"cellular component, GO:0045254, pyruvate dehydrogenase complex","molecular function, GO:0004739, pyruvate dehydrogenase (acetyl-transferring) activity","biological process, GO:0006086, acetyl-CoA biosynthetic process from pyruvate",after,-4.61435899030685,0.08954727517217823,1
75,CPX-377,heterotetramer,P35486,"cellular component, GO:0045254, pyruvate dehydrogenase complex","molecular function, GO:0004739, pyruvate dehydrogenase (acetyl-transferring) activity","biological process, GO:0006086, acetyl-CoA biosynthetic process from pyruvate",before,-4.592319902066774,0.07209464563501446,2
76,CPX-377,heterotetramer,Q9D051,"cellular component, GO:0045254, pyruvate dehydrogenase complex","molecular function, GO:0004739, pyruvate dehydrogenase (acetyl-transferring) activity","biological process, GO:0006086, acetyl-CoA biosynthetic process from pyruvate",after,-4.685510683217891,0.08982083402773142,3
77,CPX-377,heterotetramer,Q9D051,"cellular component, GO:0045254, pyruvate dehydrogenase complex","molecular function, GO:0004739, pyruvate dehydrogenase (acetyl-transferring) activity","biological process, GO:0006086, acetyl-CoA biosynthetic process from pyruvate",before,-4.749694664537853,0.09881406795696934,4
13,CPX-4301,heterodimer,O08529,"cellular component, GO:0110158, calpain complex","molecular function, GO:0005509, calcium ion binding; molecular function, GO:0004198, calcium-dependent cysteine-type endopeptidase activity","biological process, GO:0006508, proteolysis",after,-3.163738481576751,0.050600051441061195,1
14,CPX-4301,heterodimer,O08529,"cellular component, GO:0110158, calpain complex","molecular function, GO:0005509, calcium ion binding; molecular function, GO:0004198, calcium-dependent cysteine-type endopeptidase activity","biological process, GO:0006508, proteolysis",before,-3.1744841661945227,0.06439525121275477,2
15,CPX-4301,heterodimer,O88456,"cellular component, GO:0110158, calpain complex","molecular function, GO:0005509, calcium ion binding; molecular function, GO:0004198, calcium-dependent cysteine-type endopeptidase activity","biological process, GO:0006508, proteolysis",after,-2.686891948447154,0.31779415860884647,3
16,CPX-4301,heterodimer,O88456,"cellular component, GO:0110158, calpain complex","molecular function, GO:0005509, calcium ion binding; molecular function, GO:0004198, calcium-dependent cysteine-type endopeptidase activity","biological process, GO:0006508, proteolysis",before,-3.0534902924418557,0.18389751182393646,4
21,CPX-4622,heterodimer,P47758,"cellular component, GO:0016020, membrane; cellular component, GO:0005785, signal recognition particle receptor complex","molecular function, GO:0003924, GTPase activity; molecular function, GO:0005047, signal recognition particle binding","biological process, GO:0006617, SRP-dependent cotranslational protein targeting to membrane, signal sequence recognition",after,-1.8458467346640217,0.3834420954982001,1
22,CPX-4622,heterodimer,P47758,"cellular component, GO:0016020, membrane; cellular component, GO:0005785, signal recognition particle receptor complex","molecular function, GO:0003924, GTPase activity; molecular function, GO:0005047, signal recognition particle binding","biological process, GO:0006617, SRP-dependent cotranslational protein targeting to membrane, signal sequence recognition",before,-2.314226708447626,0.29752282457147455,2
23,CPX-4622,heterodimer,Q9DBG7,"cellular component, GO:0016020, membrane; cellular component, GO:0005785, signal recognition particle receptor complex","molecular function, GO:0003924, GTPase activity; molecular function, GO:0005047, signal recognition particle binding","biological process, GO:0006617, SRP-dependent cotranslational protein targeting to membrane, signal sequence recognition",after,-1.6898598718227216,0.2429794893806341,3
24,CPX-4622,heterodimer,Q9DBG7,"cellular component, GO:0016020, membrane; cellular component, GO:0005785, signal recognition particle receptor complex","molecular function, GO:0003924, GTPase activity; molecular function, GO:0005047, signal recognition particle binding","biological process, GO:0006617, SRP-dependent cotranslational protein targeting to membrane, signal sequence recognition",before,-1.5004127768605506,0.41752904147791425,4
142,CPX-4921,heterotrimer,P46061,"cellular component, GO:0005643, nuclear pore; cellular component, GO:0106068, SUMO ligase complex","molecular function, GO:0061665, SUMO ligase activity","biological process, GO:0051168, nuclear export; biological process, GO:0016925, protein sumoylation",after,-1.2203325346794167,0.4243631393063283,1
143,CPX-4921,heterotrimer,P46061,"cellular component, GO:0005643, nuclear pore; cellular component, GO:0106068, SUMO ligase complex","molecular function, GO:0061665, SUMO ligase activity","biological process, GO:0051168, nuclear export; biological process, GO:0016925, protein sumoylation",before,-0.35038454093659027,0.0,2
144,CPX-4921,heterotrimer,Q9ERU9,"cellular component, GO:0005643, nuclear pore; cellular component, GO:0106068, SUMO ligase complex","molecular function, GO:0061665, SUMO ligase activity","biological process, GO:0051168, nuclear export; biological process, GO:0016925, protein sumoylation",after,-0.8584513983401524,0.5039784716945214,3
145,CPX-4921,heterotrimer,Q9ERU9,"cellular component, GO:0005643, nuclear pore; cellular component, GO:0106068, SUMO ligase complex","molecular function, GO:0061665, SUMO ligase activity","biological process, GO:0051168, nuclear export; biological process, GO:0016925, protein sumoylation",before,-1.2139791098601072,0.34248873165846955,4
146,CPX-4921,heterotrimer,P63280,"cellular component, GO:0005643, nuclear pore; cellular component, GO:0106068, SUMO ligase complex","molecular function, GO:0061665, SUMO ligase activity","biological process, GO:0051168, nuclear export; biological process, GO:0016925, protein sumoylation",after,-1.6954026687262758,0.5796783783139242,5
126,CPX-507,heterodimer,Q3B7Z2,"cellular component, GO:0005789, endoplasmic reticulum membrane; cellular component, GO:0000139, Golgi membrane",,"biological process, GO:0035627, ceramide transport; biological process, GO:0006686, sphingomyelin biosynthetic process; biological process, GO:0015914, phospholipid transport; biological process, GO:0015918, sterol transport",after,-1.91428151391277,0.3166375871729593,1
127,CPX-507,heterodimer,Q3B7Z2,"cellular component, GO:0005789, endoplasmic reticulum membrane; cellular component, GO:0000139, Golgi membrane",,"biological process, GO:0035627, ceramide transport; biological process, GO:0006686, sphingomyelin biosynthetic process; biological process, GO:0015914, phospholipid transport; biological process, GO:0015918, sterol transport",before,-2.2382978421931488,0.10870343872529886,2
128,CPX-507,heterodimer,Q9WV55,"cellular component, GO:0005789, endoplasmic reticulum membrane; cellular component, GO:0000139, Golgi membrane",,"biological process, GO:0035627, ceramide transport; biological process, GO:0006686, sphingomyelin biosynthetic process; biological process, GO:0015914, phospholipid transport; biological process, GO:0015918, sterol transport",after,-3.1457248326141674,0.14071230633300186,3
129,CPX-507,heterodimer,Q9WV55,"cellular component, GO:0005789, endoplasmic reticulum membrane; cellular component, GO:0000139, Golgi membrane",,"biological process, GO:0035627, ceramide transport; biological process, GO:0006686, sphingomyelin biosynthetic process; biological process, GO:0015914, phospholipid transport; biological process, GO:0015918, sterol transport",before,-3.1650651873890063,0.14173532069367656,4
25,CPX-5152,heterotetramer,P62743,"cellular component, GO:0009898, cytoplasmic side of plasma membrane; cellular component, GO:0030122, AP-2 adaptor complex","molecular function, GO:0030276, clathrin binding; molecular function, GO:0140312, cargo adaptor activity","biological process, GO:0072583, clathrin-dependent endocytosis; biological process, GO:0098884, postsynaptic neurotransmitter receptor internalization; biological process, GO:0016192, vesicle-mediated transport",after,-2.8541408533702417,0.7016059663516263,1
26,CPX-5152,heterotetramer,P62743,"cellular component, GO:0009898, cytoplasmic side of plasma membrane; cellular component, GO:0030122, AP-2 adaptor complex","molecular function, GO:0030276, clathrin binding; molecular function, GO:0140312, cargo adaptor activity","biological process, GO:0072583, clathrin-dependent endocytosis; biological process, GO:0098884, postsynaptic neurotransmitter receptor internalization; biological process, GO:0016192, vesicle-mediated transport",before,-3.588093725927162,0.38510338244715964,2
27,CPX-5152,heterotetramer,P84091,"cellular component, GO:0009898, cytoplasmic side of plasma membrane; cellular component, GO:0030122, AP-2 adaptor complex","molecular function, GO:0030276, clathrin binding; molecular function, GO:0140312, cargo adaptor activity","biological process, GO:0072583, clathrin-dependent endocytosis; biological process, GO:0098884, postsynaptic neurotransmitter receptor internalization; biological process, GO:0016192, vesicle-mediated transport",after,-2.48797495115778,0.1774289692827558,3
28,CPX-5152,heterotetramer,P84091,"cellular component, GO:0009898, cytoplasmic side of plasma membrane; cellular component, GO:0030122, AP-2 adaptor complex","molecular function, GO:0030276, clathrin binding; molecular function, GO:0140312, cargo adaptor activity","biological process, GO:0072583, clathrin-dependent endocytosis; biological process, GO:0098884, postsynaptic neurotransmitter receptor internalization; biological process, GO:0016192, vesicle-mediated transport",before,-2.6092969657733756,0.05640242099123569,4
29,CPX-5152,heterotetramer,P17426,"cellular component, GO:0009898, cytoplasmic side of plasma membrane; cellular component, GO:0030122, AP-2 adaptor complex","molecular function, GO:0030276, clathrin binding; molecular function, GO:0140312, cargo adaptor activity","biological process, GO:0072583, clathrin-dependent endocytosis; biological process, GO:0098884, postsynaptic neurotransmitter receptor internalization; biological process, GO:0016192, vesicle-mediated transport",after,-2.111900008637312,0.1570075829136548,5
30,CPX-5152,heterotetramer,P17426,"cellular component, GO:0009898, cytoplasmic side of plasma membrane; cellular component, GO:0030122, AP-2 adaptor complex","molecular function, GO:0030276, clathrin binding; molecular function, GO:0140312, cargo adaptor activity","biological process, GO:0072583, clathrin-dependent endocytosis; biological process, GO:0098884, postsynaptic neurotransmitter receptor internalization; biological process, GO:0016192, vesicle-mediated transport",before,-2.5392302907189555,0.16700978795281274,6
31,CPX-5152,heterotetramer,Q9DBG3,"cellular component, GO:0009898, cytoplasmic side of plasma membrane; cellular component, GO:0030122, AP-2 adaptor complex","molecular function, GO:0030276, clathrin binding; molecular function, GO:0140312, cargo adaptor activity","biological process, GO:0072583, clathrin-dependent endocytosis; biological process, GO:0098884, postsynaptic neurotransmitter receptor internalization; biological process, GO:0016192, vesicle-mediated transport",after,-2.1419651911180364,0.6880686580918371,7
32,CPX-5152,heterotetramer,Q9DBG3,"cellular component, GO:0009898, cytoplasmic side of plasma membrane; cellular component, GO:0030122, AP-2 adaptor complex","molecular function, GO:0030276, clathrin binding; molecular function, GO:0140312, cargo adaptor activity","biological process, GO:0072583, clathrin-dependent endocytosis; biological process, GO:0098884, postsynaptic neurotransmitter receptor internalization; biological process, GO:0016192, vesicle-mediated transport",before,-2.2021187468513292,0.9809492728679587,8
130,CPX-531,heterodimer,P27773,"cellular component, GO:0061779, Tapasin-ERp57 complex","molecular function, GO:0042605, peptide antigen binding","biological process, GO:0002502, peptide antigen assembly with MHC class I protein complex",after,-2.5701183423326186,0.12097857222526551,1
131,CPX-531,heterodimer,P27773,"cellular component, GO:0061779, Tapasin-ERp57 complex","molecular function, GO:0042605, peptide antigen binding","biological process, GO:0002502, peptide antigen assembly with MHC class I protein complex",before,-2.583507773759525,0.11436064586982793,2
132,CPX-531,heterodimer,Q9R233,"cellular component, GO:0061779, Tapasin-ERp57 complex","molecular function, GO:0042605, peptide antigen binding","biological process, GO:0002502, peptide antigen assembly with MHC class I protein complex",after,-1.9539902154224464,1.422967078877979,3
133,CPX-531,heterodimer,Q9R233,"cellular component, GO:0061779, Tapasin-ERp57 complex","molecular function, GO:0042605, peptide antigen binding","biological process, GO:0002502, peptide antigen assembly with MHC class I protein complex",before,-2.899867366583872,0.0,4
78,CPX-562,heterotetramer,Q8K2B3,"cellular component, GO:0005743, mitochondrial inner membrane; cellular component, GO:0005749, mitochondrial respiratory chain complex II, succinate dehydrogenase complex (ubiquinone)","molecular function, GO:0008177, succinate dehydrogenase (ubiquinone) activity","biological process, GO:0006099, tricarboxylic acid cycle; biological process, GO:0042776, mitochondrial ATP synthesis coupled proton transport; biological process, GO:0006121, mitochondrial electron transport, succinate to ubiquinone",after,-4.2793363640518125,0.03540242262394682,1
79,CPX-562,heterotetramer,Q8K2B3,"cellular component, GO:0005743, mitochondrial inner membrane; cellular component, GO:0005749, mitochondrial respiratory chain complex II, succinate dehydrogenase complex (ubiquinone)","molecular function, GO:0008177, succinate dehydrogenase (ubiquinone) activity","biological process, GO:0006099, tricarboxylic acid cycle; biological process, GO:0042776, mitochondrial ATP synthesis coupled proton transport; biological process, GO:0006121, mitochondrial electron transport, succinate to ubiquinone",before,-4.3453355832667455,0.02824048635080753,2
80,CPX-562,heterotetramer,Q9CZB0,"cellular component, GO:0005743, mitochondrial inner membrane; cellular component, GO:0005749, mitochondrial respiratory chain complex II, succinate dehydrogenase complex (ubiquinone)","molecular function, GO:0008177, succinate dehydrogenase (ubiquinone) activity","biological process, GO:0006099, tricarboxylic acid cycle; biological process, GO:0042776, mitochondrial ATP synthesis coupled proton transport; biological process, GO:0006121, mitochondrial electron transport, succinate to ubiquinone",after,-4.7812980351332035,0.2005438553647036,3
81,CPX-562,heterotetramer,Q9CZB0,"cellular component, GO:0005743, mitochondrial inner membrane; cellular component, GO:0005749, mitochondrial respiratory chain complex II, succinate dehydrogenase complex (ubiquinone)","molecular function, GO:0008177, succinate dehydrogenase (ubiquinone) activity","biological process, GO:0006099, tricarboxylic acid cycle; biological process, GO:0042776, mitochondrial ATP synthesis coupled proton transport; biological process, GO:0006121, mitochondrial electron transport, succinate to ubiquinone",before,-5.1132376928336205,0.1117966398204393,4
82,CPX-562,heterotetramer,Q9CXV1,"cellular component, GO:0005743, mitochondrial inner membrane; cellular component, GO:0005749, mitochondrial respiratory chain complex II, succinate dehydrogenase complex (ubiquinone)","molecular function, GO:0008177, succinate dehydrogenase (ubiquinone) activity","biological process, GO:0006099, tricarboxylic acid cycle; biological process, GO:0042776, mitochondrial ATP synthesis coupled proton transport; biological process, GO:0006121, mitochondrial electron transport, succinate to ubiquinone",after,-4.728877410104469,0.471637487588486,5
83,CPX-562,heterotetramer,Q9CXV1,"cellular component, GO:0005743, mitochondrial inner membrane; cellular component, GO:0005749, mitochondrial respiratory chain complex II, succinate dehydrogenase complex (ubiquinone)","molecular function, GO:0008177, succinate dehydrogenase (ubiquinone) activity","biological process, GO:0006099, tricarboxylic acid cycle; biological process, GO:0042776, mitochondrial ATP synthesis coupled proton transport; biological process, GO:0006121, mitochondrial electron transport, succinate to ubiquinone",before,-4.484158553506258,0.8056640038441991,6
84,CPX-562,heterotetramer,Q9CQA3,"cellular component, GO:0005743, mitochondrial inner membrane; cellular component, GO:0005749, mitochondrial respiratory chain complex II, succinate dehydrogenase complex (ubiquinone)","molecular function, GO:0008177, succinate dehydrogenase (ubiquinone) activity","biological process, GO:0006099, tricarboxylic acid cycle; biological process, GO:0042776, mitochondrial ATP synthesis coupled proton transport; biological process, GO:0006121, mitochondrial electron transport, succinate to ubiquinone",after,-4.025145025673627,0.0779832221176018,7
85,CPX-562,heterotetramer,Q9CQA3,"cellular component, GO:0005743, mitochondrial inner membrane; cellular component, GO:0005749, mitochondrial respiratory chain complex II, succinate dehydrogenase complex (ubiquinone)","molecular function, GO:0008177, succinate dehydrogenase (ubiquinone) activity","biological process, GO:0006099, tricarboxylic acid cycle; biological process, GO:0042776, mitochondrial ATP synthesis coupled proton transport; biological process, GO:0006121, mitochondrial electron transport, succinate to ubiquinone",before,-4.039634814528155,0.0690160005537523,8
147,CPX-5823,heterododecamer,Q8K215,"cellular component, GO:1990229, iron-sulfur cluster assembly complex; cellular component, GO:0005739, mitochondrion","molecular function, GO:0004322, ferroxidase activity; molecular function, GO:0031071, cysteine desulfurase activity","biological process, GO:0016226, iron-sulfur cluster assembly",after,-4.596702607757387,0.13392538113317723,1
148,CPX-5823,heterododecamer,Q8K215,"cellular component, GO:1990229, iron-sulfur cluster assembly complex; cellular component, GO:0005739, mitochondrion","molecular function, GO:0004322, ferroxidase activity; molecular function, GO:0031071, cysteine desulfurase activity","biological process, GO:0016226, iron-sulfur cluster assembly",before,-4.644570763547935,0.13183568274206525,2
149,CPX-5823,heterododecamer,Q9Z1J3,"cellular component, GO:1990229, iron-sulfur cluster assembly complex; cellular component, GO:0005739, mitochondrion","molecular function, GO:0004322, ferroxidase activity; molecular function, GO:0031071, cysteine desulfurase activity","biological process, GO:0016226, iron-sulfur cluster assembly",after,-3.3554953150417135,0.09268783525225407,3
150,CPX-5823,heterododecamer,Q9Z1J3,"cellular component, GO:1990229, iron-sulfur cluster assembly complex; cellular component, GO:0005739, mitochondrion","molecular function, GO:0004322, ferroxidase activity; molecular function, GO:0031071, cysteine desulfurase activity","biological process, GO:0016226, iron-sulfur cluster assembly",before,-3.425428449111123,0.11347736504968492,4
151,CPX-5823,heterododecamer,O35943,"cellular component, GO:1990229, iron-sulfur cluster assembly complex; cellular component, GO:0005739, mitochondrion","molecular function, GO:0004322, ferroxidase activity; molecular function, GO:0031071, cysteine desulfurase activity","biological process, GO:0016226, iron-sulfur cluster assembly",after,-3.9830512484013014,0.44130080672100436,5
152,CPX-5823,heterododecamer,O35943,"cellular component, GO:1990229, iron-sulfur cluster assembly complex; cellular component, GO:0005739, mitochondrion","molecular function, GO:0004322, ferroxidase activity; molecular function, GO:0031071, cysteine desulfurase activity","biological process, GO:0016226, iron-sulfur cluster assembly",before,-4.159851541711127,0.34537212550148366,6
153,CPX-5823,heterododecamer,Q9D7P6,"cellular component, GO:1990229, iron-sulfur cluster assembly complex; cellular component, GO:0005739, mitochondrion","molecular function, GO:0004322, ferroxidase activity; molecular function, GO:0031071, cysteine desulfurase activity","biological process, GO:0016226, iron-sulfur cluster assembly",after,-2.2322998035164803,0.7790700866683019,7
154,CPX-5823,heterododecamer,Q9D7P6,"cellular component, GO:1990229, iron-sulfur cluster assembly complex; cellular component, GO:0005739, mitochondrion","molecular function, GO:0004322, ferroxidase activity; molecular function, GO:0031071, cysteine desulfurase activity","biological process, GO:0016226, iron-sulfur cluster assembly",before,-2.628327778611143,0.8465363391336581,8
155,CPX-5823,heterododecamer,Q9CPW2,"cellular component, GO:1990229, iron-sulfur cluster assembly complex; cellular component, GO:0005739, mitochondrion","molecular function, GO:0004322, ferroxidase activity; molecular function, GO:0031071, cysteine desulfurase activity","biological process, GO:0016226, iron-sulfur cluster assembly",after,-3.6941434834357127,0.3318988944403393,9
156,CPX-5823,heterododecamer,Q9CPW2,"cellular component, GO:1990229, iron-sulfur cluster assembly complex; cellular component, GO:0005739, mitochondrion","molecular function, GO:0004322, ferroxidase activity; molecular function, GO:0031071, cysteine desulfurase activity","biological process, GO:0016226, iron-sulfur cluster assembly",before,-4.022437244398003,0.0,10
157,CPX-5823,heterododecamer,Q9CR21,"cellular component, GO:1990229, iron-sulfur cluster assembly complex; cellular component, GO:0005739, mitochondrion","molecular function, GO:0004322, ferroxidase activity; molecular function, GO:0031071, cysteine desulfurase activity","biological process, GO:0016226, iron-sulfur cluster assembly",after,-4.023901623285561,0.3845744148288987,11
158,CPX-5823,heterododecamer,Q9CR21,"cellular component, GO:1990229, iron-sulfur cluster assembly complex; cellular component, GO:0005739, mitochondrion","molecular function, GO:0004322, ferroxidase activity; molecular function, GO:0031071, cysteine desulfurase activity","biological process, GO:0016226, iron-sulfur cluster assembly",before,-4.3747308694440115,0.12853751194998356,12
33,CPX-5851,heterotrimer,Q8BRK8,"cellular component, GO:0031588, nucleotide-activated protein kinase complex","molecular function, GO:0004679, AMP-activated protein kinase activity; molecular function, GO:0005524, ATP binding; molecular function, GO:0016208, AMP binding; molecular function, GO:0050405, [acetyl-CoA carboxylase] kinase activity; molecular function, GO:0047322, [hydroxymethylglutaryl-CoA reductase (NADPH)] kinase activity","biological process, GO:0031669, cellular response to nutrient levels",after,-1.6319539810802717,0.08779176966606535,1
34,CPX-5851,heterotrimer,Q8BRK8,"cellular component, GO:0031588, nucleotide-activated protein kinase complex","molecular function, GO:0004679, AMP-activated protein kinase activity; molecular function, GO:0005524, ATP binding; molecular function, GO:0016208, AMP binding; molecular function, GO:0050405, [acetyl-CoA carboxylase] kinase activity; molecular function, GO:0047322, [hydroxymethylglutaryl-CoA reductase (NADPH)] kinase activity","biological process, GO:0031669, cellular response to nutrient levels",before,-2.000502581060497,0.2937203820602573,2
35,CPX-5851,heterotrimer,O54950,"cellular component, GO:0031588, nucleotide-activated protein kinase complex","molecular function, GO:0004679, AMP-activated protein kinase activity; molecular function, GO:0005524, ATP binding; molecular function, GO:0016208, AMP binding; molecular function, GO:0050405, [acetyl-CoA carboxylase] kinase activity; molecular function, GO:0047322, [hydroxymethylglutaryl-CoA reductase (NADPH)] kinase activity","biological process, GO:0031669, cellular response to nutrient levels",after,-1.8341722374799418,0.3645863811207751,3
36,CPX-5851,heterotrimer,O54950,"cellular component, GO:0031588, nucleotide-activated protein kinase complex","molecular function, GO:0004679, AMP-activated protein kinase activity; molecular function, GO:0005524, ATP binding; molecular function, GO:0016208, AMP binding; molecular function, GO:0050405, [acetyl-CoA carboxylase] kinase activity; molecular function, GO:0047322, [hydroxymethylglutaryl-CoA reductase (NADPH)] kinase activity","biological process, GO:0031669, cellular response to nutrient levels",before,-2.6651644870337705,0.1339738043289554,4
37,CPX-5851,heterotrimer,Q6PAM0,"cellular component, GO:0031588, nucleotide-activated protein kinase complex","molecular function, GO:0004679, AMP-activated protein kinase activity; molecular function, GO:0005524, ATP binding; molecular function, GO:0016208, AMP binding; molecular function, GO:0050405, [acetyl-CoA carboxylase] kinase activity; molecular function, GO:0047322, [hydroxymethylglutaryl-CoA reductase (NADPH)] kinase activity","biological process, GO:0031669, cellular response to nutrient levels",after,-2.8419544176347626,0.3748673902728944,5
38,CPX-5851,heterotrimer,Q6PAM0,"cellular component, GO:0031588, nucleotide-activated protein kinase complex","molecular function, GO:0004679, AMP-activated protein kinase activity; molecular function, GO:0005524, ATP binding; molecular function, GO:0016208, AMP binding; molecular function, GO:0050405, [acetyl-CoA carboxylase] kinase activity; molecular function, GO:0047322, [hydroxymethylglutaryl-CoA reductase (NADPH)] kinase activity","biological process, GO:0031669, cellular response to nutrient levels",before,-2.9203850008220824,0.0,6
39,CPX-5861,heterodimer,Q64213,"cellular component, GO:0089701, U2AF; cellular component, GO:0005681, spliceosomal complex; cellular component, GO:0005634, nucleus","molecular function, GO:0030628, pre-mRNA 3'-splice site binding","biological process, GO:0000398, mRNA splicing, via spliceosome",after,-2.5858522065807192,0.2227446495686127,1
40,CPX-5861,heterodimer,Q64213,"cellular component, GO:0089701, U2AF; cellular component, GO:0005681, spliceosomal complex; cellular component, GO:0005634, nucleus","molecular function, GO:0030628, pre-mRNA 3'-splice site binding","biological process, GO:0000398, mRNA splicing, via spliceosome",before,-2.2707161081351988,0.0,2
41,CPX-5861,heterodimer,P26369,"cellular component, GO:0089701, U2AF; cellular component, GO:0005681, spliceosomal complex; cellular component, GO:0005634, nucleus","molecular function, GO:0030628, pre-mRNA 3'-splice site binding","biological process, GO:0000398, mRNA splicing, via spliceosome",after,-2.3089221295456763,0.24441664670734878,3
42,CPX-5861,heterodimer,P26369,"cellular component, GO:0089701, U2AF; cellular component, GO:0005681, spliceosomal complex; cellular component, GO:0005634, nucleus","molecular function, GO:0030628, pre-mRNA 3'-splice site binding","biological process, GO:0000398, mRNA splicing, via spliceosome",before,-2.362043484110007,0.5109171539039731,4
43,CPX-5862,heterotrimer,P10630,"cellular component, GO:0016281, eukaryotic translation initiation factor 4F complex","molecular function, GO:0003743, translation initiation factor activity","biological process, GO:0006413, translational initiation",after,-1.7012781870220308,0.10359116903028368,1
44,CPX-5862,heterotrimer,P10630,"cellular component, GO:0016281, eukaryotic translation initiation factor 4F complex","molecular function, GO:0003743, translation initiation factor activity","biological process, GO:0006413, translational initiation",before,-1.6702797554263284,0.08101286590735873,2
45,CPX-5862,heterotrimer,P63073,"cellular component, GO:0016281, eukaryotic translation initiation factor 4F complex","molecular function, GO:0003743, translation initiation factor activity","biological process, GO:0006413, translational initiation",after,-2.250108503918229,0.11353050957891152,3
46,CPX-5862,heterotrimer,P63073,"cellular component, GO:0016281, eukaryotic translation initiation factor 4F complex","molecular function, GO:0003743, translation initiation factor activity","biological process, GO:0006413, translational initiation",before,-2.2704282351740033,0.16453547781911665,4
47,CPX-5862,heterotrimer,Q6NZJ6,"cellular component, GO:0016281, eukaryotic translation initiation factor 4F complex","molecular function, GO:0003743, translation initiation factor activity","biological process, GO:0006413, translational initiation",after,-1.2011628726757644,0.12496346194807958,5
48,CPX-5862,heterotrimer,Q6NZJ6,"cellular component, GO:0016281, eukaryotic translation initiation factor 4F complex","molecular function, GO:0003743, translation initiation factor activity","biological process, GO:0006413, translational initiation",before,-1.1415462793332465,0.10758020145572075,6
49,CPX-5868,heterodimer,P11679,"cellular component, GO:0045095, keratin filament",,,after,-1.673747094392949,0.44228721050070763,1
50,CPX-5868,heterodimer,P05784,"cellular component, GO:0045095, keratin filament",,,after,-3.2108967824986183,0.0,2
17,CPX-6084,heterooctamer,Q3URS9,"cellular component, GO:0062157, mitochondrial ATP-gated potassium channel complex; cellular component, GO:0005743, mitochondrial inner membrane","molecular function, GO:0019829, ATPase-coupled cation transmembrane transporter activity; molecular function, GO:0005524, ATP binding","biological process, GO:0006884, cell volume homeostasis; biological process, GO:0140141, mitochondrial potassium ion transmembrane transport",after,-3.9486307356270096,0.22440880571359886,1
18,CPX-6084,heterooctamer,Q3URS9,"cellular component, GO:0062157, mitochondrial ATP-gated potassium channel complex; cellular component, GO:0005743, mitochondrial inner membrane","molecular function, GO:0019829, ATPase-coupled cation transmembrane transporter activity; molecular function, GO:0005524, ATP binding","biological process, GO:0006884, cell volume homeostasis; biological process, GO:0140141, mitochondrial potassium ion transmembrane transport",before,-4.212563450454001,0.17577790610240568,2
19,CPX-6084,heterooctamer,Q9CXJ4,"cellular component, GO:0062157, mitochondrial ATP-gated potassium channel complex; cellular component, GO:0005743, mitochondrial inner membrane","molecular function, GO:0019829, ATPase-coupled cation transmembrane transporter activity; molecular function, GO:0005524, ATP binding","biological process, GO:0006884, cell volume homeostasis; biological process, GO:0140141, mitochondrial potassium ion transmembrane transport",after,-4.493087205786235,0.16250647920895092,3
20,CPX-6084,heterooctamer,Q9CXJ4,"cellular component, GO:0062157, mitochondrial ATP-gated potassium channel complex; cellular component, GO:0005743, mitochondrial inner membrane","molecular function, GO:0019829, ATPase-coupled cation transmembrane transporter activity; molecular function, GO:0005524, ATP binding","biological process, GO:0006884, cell volume homeostasis; biological process, GO:0140141, mitochondrial potassium ion transmembrane transport",before,-4.765660673753678,0.045672284051523356,4
134,CPX-616,heterodimer,Q9CZY3,"cellular component, GO:0035370, UBC13-UEV1A complex; cellular component, GO:0005829, cytosol","molecular function, GO:0061631, ubiquitin conjugating enzyme activity; molecular function, GO:0070530, K63-linked polyubiquitin binding","biological process, GO:1902533, positive regulation of intracellular signal transduction; biological process, GO:1902523, positive regulation of protein K63-linked ubiquitination",after,-3.101982157729904,0.2450514729579588,1
135,CPX-616,heterodimer,Q9CZY3,"cellular component, GO:0035370, UBC13-UEV1A complex; cellular component, GO:0005829, cytosol","molecular function, GO:0061631, ubiquitin conjugating enzyme activity; molecular function, GO:0070530, K63-linked polyubiquitin binding","biological process, GO:1902533, positive regulation of intracellular signal transduction; biological process, GO:1902523, positive regulation of protein K63-linked ubiquitination",before,-3.194762067791699,0.22731561506660858,2
136,CPX-616,heterodimer,P61089,"cellular component, GO:0035370, UBC13-UEV1A complex; cellular component, GO:0005829, cytosol","molecular function, GO:0061631, ubiquitin conjugating enzyme activity; molecular function, GO:0070530, K63-linked polyubiquitin binding","biological process, GO:1902533, positive regulation of intracellular signal transduction; biological process, GO:1902523, positive regulation of protein K63-linked ubiquitination",after,-3.4846775845674784,0.1261678248740756,3
137,CPX-616,heterodimer,P61089,"cellular component, GO:0035370, UBC13-UEV1A complex; cellular component, GO:0005829, cytosol","molecular function, GO:0061631, ubiquitin conjugating enzyme activity; molecular function, GO:0070530, K63-linked polyubiquitin binding","biological process, GO:1902533, positive regulation of intracellular signal transduction; biological process, GO:1902523, positive regulation of protein K63-linked ubiquitination",before,-3.6647180244121103,0.04456093448921366,4
138,CPX-670,heterodimer,Q8R050,"cellular component, GO:0005737, cytoplasm; cellular component, GO:0018444, translation release factor complex","molecular function, GO:0003924, GTPase activity; molecular function, GO:0003747, translation release factor activity","biological process, GO:0006415, translational termination",after,-3.049975884194543,0.0901115322482299,1
139,CPX-670,heterodimer,Q8R050,"cellular component, GO:0005737, cytoplasm; cellular component, GO:0018444, translation release factor complex","molecular function, GO:0003924, GTPase activity; molecular function, GO:0003747, translation release factor activity","biological process, GO:0006415, translational termination",before,-3.0344861098878835,0.15736270518312354,2
140,CPX-670,heterodimer,Q8BWY3,"cellular component, GO:0005737, cytoplasm; cellular component, GO:0018444, translation release factor complex","molecular function, GO:0003924, GTPase activity; molecular function, GO:0003747, translation release factor activity","biological process, GO:0006415, translational termination",after,-1.795690796093246,0.18004485403950315,3
141,CPX-670,heterodimer,Q8BWY3,"cellular component, GO:0005737, cytoplasm; cellular component, GO:0018444, translation release factor complex","molecular function, GO:0003924, GTPase activity; molecular function, GO:0003747, translation release factor activity","biological process, GO:0006415, translational termination",before,-1.7789294352713463,0.18357569803486457,4
0,CPX-689,heterodimer,P29416,"cellular component, GO:1905379, beta-N-acetylhexosaminidase complex; cellular component, GO:0043202, lysosomal lumen","molecular function, GO:0004563, beta-N-acetylhexosaminidase activity","biological process, GO:0030203, glycosaminoglycan metabolic process",after,-2.08993260015718,0.07746883234766008,1
1,CPX-689,heterodimer,P29416,"cellular component, GO:1905379, beta-N-acetylhexosaminidase complex; cellular component, GO:0043202, lysosomal lumen","molecular function, GO:0004563, beta-N-acetylhexosaminidase activity","biological process, GO:0030203, glycosaminoglycan metabolic process",before,-1.8734074236938172,0.08383618926531633,2
2,CPX-689,heterodimer,P20060,"cellular component, GO:1905379, beta-N-acetylhexosaminidase complex; cellular component, GO:0043202, lysosomal lumen","molecular function, GO:0004563, beta-N-acetylhexosaminidase activity","biological process, GO:0030203, glycosaminoglycan metabolic process",after,0.044122556871300476,1.0500110456175367,3
118,CPX-865,heterodimer,Q9DCW4,"cellular component, GO:0005759, mitochondrial matrix; cellular component, GO:0045251, electron transfer flavoprotein complex","molecular function, GO:0009055, electron carrier activity","biological process, GO:0009063, cellular amino acid catabolic process; biological process, GO:0033539, fatty acid beta-oxidation using acyl-CoA dehydrogenase; biological process, GO:0022904, respiratory electron transport chain",after,-4.610799602584631,0.05932162778740825,1
119,CPX-865,heterodimer,Q9DCW4,"cellular component, GO:0005759, mitochondrial matrix; cellular component, GO:0045251, electron transfer flavoprotein complex","molecular function, GO:0009055, electron carrier activity","biological process, GO:0009063, cellular amino acid catabolic process; biological process, GO:0033539, fatty acid beta-oxidation using acyl-CoA dehydrogenase; biological process, GO:0022904, respiratory electron transport chain",before,-4.680803863307546,0.03979474382877986,2
120,CPX-865,heterodimer,Q99LC5,"cellular component, GO:0005759, mitochondrial matrix; cellular component, GO:0045251, electron transfer flavoprotein complex","molecular function, GO:0009055, electron carrier activity","biological process, GO:0009063, cellular amino acid catabolic process; biological process, GO:0033539, fatty acid beta-oxidation using acyl-CoA dehydrogenase; biological process, GO:0022904, respiratory electron transport chain",after,-4.71716759012807,0.04423385121201057,3
121,CPX-865,heterodimer,Q99LC5,"cellular component, GO:0005759, mitochondrial matrix; cellular component, GO:0045251, electron transfer flavoprotein complex","molecular function, GO:0009055, electron carrier activity","biological process, GO:0009063, cellular amino acid catabolic process; biological process, GO:0033539, fatty acid beta-oxidation using acyl-CoA dehydrogenase; biological process, GO:0022904, respiratory electron transport chain",before,-4.718469344873623,0.038949710021649785,4
122,CPX-898,heterotetramer,P08207,"cellular component, GO:0098797, plasma membrane protein complex; cellular component, GO:0005886, plasma membrane","molecular function, GO:0005544, calcium-dependent phospholipid binding; molecular function, GO:0051015, actin filament binding","biological process, GO:1905686, positive regulation of plasma membrane repair; biological process, GO:0045921, positive regulation of exocytosis; biological process, GO:0010756, positive regulation of plasminogen activation",after,-3.397633642596642,0.06971992231810645,1
123,CPX-898,heterotetramer,P08207,"cellular component, GO:0098797, plasma membrane protein complex; cellular component, GO:0005886, plasma membrane","molecular function, GO:0005544, calcium-dependent phospholipid binding; molecular function, GO:0051015, actin filament binding","biological process, GO:1905686, positive regulation of plasma membrane repair; biological process, GO:0045921, positive regulation of exocytosis; biological process, GO:0010756, positive regulation of plasminogen activation",before,-3.5496201199289588,0.0,2
124,CPX-898,heterotetramer,P07356,"cellular component, GO:0098797, plasma membrane protein complex; cellular component, GO:0005886, plasma membrane","molecular function, GO:0005544, calcium-dependent phospholipid binding; molecular function, GO:0051015, actin filament binding","biological process, GO:1905686, positive regulation of plasma membrane repair; biological process, GO:0045921, positive regulation of exocytosis; biological process, GO:0010756, positive regulation of plasminogen activation",after,-3.8359118075401497,0.08578697501358257,3
125,CPX-898,heterotetramer,P07356,"cellular component, GO:0098797, plasma membrane protein complex; cellular component, GO:0005886, plasma membrane","molecular function, GO:0005544, calcium-dependent phospholipid binding; molecular function, GO:0051015, actin filament binding","biological process, GO:1905686, positive regulation of plasma membrane repair; biological process, GO:0045921, positive regulation of exocytosis; biological process, GO:0010756, positive regulation of plasminogen activation",before,-3.8972807361339594,0.08756110436454316,4
